Carcassonne La Torre,
Carcassonne La Catapulta,
Carcassonne La Princesa y el Dragon,
Carcassonne Constructores y Comerciantes,
Carcassonne El Juego de Cartas,
Happy Salmon,
One Dungeon Forest Of Shadows,
Monopoly Bid,
Polilla Tramposa,
Bohnanza,
Uno Flip,
Uno base,
Dos,
Uno Mandalorian,
LLAMA,
CLUE Sospechoso,
Game of Thrones Westeros Intrigue,
No gracias,
Mercaderes de Dunhuang,
Ponle acento,
Jardín Botánico de Tehuacan,
Mascotas,
Set karma,
Pick a polar Bear,
Kapadokya,
Rat Attack Party,
El valle de los reyes,
Cat Fish,
Héroes tricks,
Lucha Arena,
Happy Halloween,
Vic Memory derechos niños,
Vic Memory Estados y capitales,
Revolution timeline,
Yommy Kitty,
Sherlock muerte,
3 Maidens,
Pedos,
Fruit ninja,
Pit,
Villanous,
Onitama,
Fox in the Forest,
Jairpur,
Hive Pocket,
GIPF,
TZAAR,
ZERTZ,
PUNCT,
LYNGK,
BLACKGAMMON,
Abalone,
Kabaleo,
Voleimaraton,
Adidoku,
La lucha infinita,
Diversión con peliculas,